Instructed,Rule,Stimulation,Site,Accuracy,EncodingTime,ResponseTime,Subject
0,0,0,0,1,3.2555,1.219,1
0,0,1,0,1,1.2692,2.2204,1
0,0,2,0,1,1.1523,1.1856,1
1,0,2,0,1,0.65166,1.3192,1
1,0,1,0,1,0.902,1.6529,1
0,1,0,0,1,1.2192,1.7031,1
1,1,1,0,1,0.75184,0.98542,1
0,1,2,0,1,0.66841,0.9186,1
1,0,0,0,1,0.73521,0.78523,1
1,0,0,0,1,0.81857,1.0188,1
0,0,1,0,1,0.51816,1.119,1
1,0,2,0,1,0.55148,0.71831,1
0,1,0,0,1,1.0524,0.61822,1
0,0,2,0,1,0.51803,1.7864,1
1,0,1,0,1,1.3526,0.88518,1
0,1,1,0,1,0.5182,0.86859,1
0,1,0,0,1,0.71852,0.68487,1
1,1,2,0,1,0.63507,0.80176,1
0,1,0,0,1,0.86872,0.5682,1
1,1,1,0,1,0.51815,0.71821,1
0,1,2,0,1,0.5182,0.81852,1
1,0,2,0,1,0.58498,0.75164,1
0,0,1,0,1,1.1858,1.0021,1
1,1,0,0,1,0.66852,1.0521,1
1,1,2,0,1,0.51816,0.635,1
1,0,0,0,1,0.63481,0.85186,1
0,1,1,0,1,0.63509,0.68487,1
0,0,0,0,1,0.51809,0.95191,1
1,1,2,0,0,0.60162,0.90188,1
0,1,1,0,1,0.81862,0.76848,1
0,0,0,0,1,0.66839,0.91864,1
1,0,1,0,1,0.61845,0.85184,1
1,1,2,0,1,0.58489,1.4025,1
0,0,0,0,1,0.65171,1.3358,1
1,1,2,0,1,0.75179,0.60152,1
0,1,1,0,1,0.58486,0.7684,1
0,1,1,0,1,0.75185,2.3038,1
0,0,2,0,1,0.66851,1.5863,1
1,1,0,0,1,1.2693,0.93542,1
1,1,1,0,1,0.65177,0.85193,1
0,0,0,0,1,0.56819,1.2356,1
0,0,2,0,1,0.53488,0.76847,1
0,0,0,0,1,0.68508,0.93535,1
1,1,1,0,1,0.73512,1.0021,1
0,0,2,0,1,0.51824,2.2704,1
1,1,1,0,1,0.78507,1.2858,1
0,0,2,0,1,0.58492,1.0187,1
1,1,0,0,1,1.0689,0.80179,1
0,1,1,0,1,0.70172,0.86856,1
1,1,2,0,1,0.63495,0.68495,1
0,1,0,0,1,0.86869,0.6183,1
1,1,0,0,1,1.4361,0.53473,1
0,0,1,0,1,0.58491,0.88523,1
1,1,2,0,1,0.51808,0.63489,1
0,0,0,0,1,0.81856,1.0521,1
1,0,1,0,1,0.71855,1.1356,1
1,0,2,0,1,0.5182,0.65157,1
0,0,2,0,1,0.85193,1.5361,1
1,1,0,0,1,0.78524,0.60155,1
0,0,1,0,1,0.51827,0.86855,1
1,0,2,1,1,1.3028,0.93542,1
0,1,1,1,1,0.85213,0.80177,1
1,0,0,1,1,0.68505,0.76833,1
1,0,1,1,1,0.55151,0.7182,1
1,1,0,1,1,0.56825,0.91867,1
1,0,2,1,1,0.55158,0.65157,1
0,1,2,1,1,0.63495,0.50144,1
1,1,1,1,1,0.55161,0.60152,1
0,1,0,1,1,0.58498,0.55152,1
0,1,2,1,1,0.51826,0.86849,1
0,1,0,1,1,0.51826,0.50138,1
0,1,1,1,1,0.51821,0.53474,1
1,1,1,1,1,0.5182,0.78501,1
1,0,2,1,1,0.53502,1.2691,1
0,0,0,1,1,0.61848,0.7684,1
1,0,2,1,1,0.51819,0.76834,1
1,1,0,1,1,0.55153,0.98531,1
0,0,1,1,1,0.68501,0.98545,1
1,0,0,1,1,0.5516,1.703,1
0,0,1,1,1,0.56828,0.90197,1
1,0,2,1,1,0.73522,0.83509,1
1,1,2,1,1,0.65179,1.1689,1
1,1,0,1,1,0.65176,0.90192,1
0,0,1,1,1,0.51811,1.1523,1
1,1,1,1,1,0.51821,1.0688,1
0,0,2,1,1,0.51828,0.83505,1
0,0,0,1,1,0.51803,1.3692,1
0,0,0,1,1,0.5182,0.66834,1
0,0,2,1,1,0.51814,0.88518,1
0,1,1,1,1,0.56827,0.71849,1
1,1,2,1,1,0.51821,0.75175,1
1,1,0,1,1,0.51803,0.58482,1
1,0,1,1,1,0.51815,0.7519,1
1,1,0,1,1,0.51801,0.70165,1
1,0,1,1,1,0.51828,1.269,1
0,1,2,1,1,0.51815,0.76834,1
1,1,2,1,1,0.5183,0.55151,1
0,1,0,1,1,0.60161,0.66822,1
0,1,1,1,1,0.51813,0.5014,1
1,0,0,1,1,0.51807,1.0854,1
0,0,1,1,1,0.518,1.0855,1
1,0,2,1,1,0.56842,1.0354,1
1,1,2,1,1,0.55158,1.2858,1
0,1,1,1,1,0.51826,1.3358,1
0,0,0,1,1,0.51824,1.2023,1
1,0,2,1,1,0.6184,0.7184,1
1,0,0,1,1,0.56815,0.8352,1
1,1,1,1,1,0.60159,0.9353,1
0,1,2,1,1,0.51814,0.91864,1
1,1,1,1,1,0.51805,0.78515,1
0,1,0,1,1,0.51809,0.66823,1
0,1,1,1,1,0.51819,0.58477,1
1,0,0,1,1,0.51815,0.7684,1
0,0,2,1,1,0.51819,0.88518,1
1,1,1,1,1,0.51812,0.81847,1
0,0,2,1,1,0.71846,0.91861,1
0,0,0,1,1,0.55157,0.61814,1
0,0,1,1,1,0.51827,0.68489,1
0,1,2,1,1,0.51829,0.50146,1
1,0,0,1,1,0.61829,0.75168,1
0,0,0,0,1,0.83559,1.3025,1
1,1,1,0,1,0.5517,0.78522,1
1,0,2,0,1,0.5181,0.76842,1
1,1,2,0,1,0.51812,0.80177,1
1,1,0,0,1,0.51815,0.53478,1
1,1,1,0,1,0.58496,0.81851,1
0,0,1,0,0,0.60158,0.80179,1
1,0,0,0,1,0.63513,0.76849,1
1,0,2,0,1,0.55161,1.002,1
0,0,1,0,1,0.53489,1.3691,1
0,0,2,0,1,0.91869,0.83508,1
0,0,0,0,1,0.55164,1.2691,1
0,0,0,0,1,0.51834,0.81859,1
1,0,1,0,1,0.51818,0.75173,1
0,1,2,0,1,0.60165,1.6362,1
1,0,0,0,1,0.55163,1.0688,1
0,1,2,0,1,0.63497,1.7697,1
1,1,1,0,1,0.55163,0.80175,1
0,1,1,0,1,0.51814,0.68504,1
0,1,0,0,1,0.51823,0.75169,1
1,0,2,0,1,0.51821,0.86857,1
1,1,1,0,1,0.51815,0.66841,1
0,0,2,0,1,0.51808,0.78513,1
1,0,0,0,1,0.51807,0.71839,1
1,1,0,0,1,0.51819,0.78517,1
1,0,1,0,1,0.51814,0.73503,1
1,1,2,0,1,0.51833,1.1022,1
0,0,1,0,1,0.51826,2.6709,1
1,1,0,0,1,0.91881,0.61816,1
0,0,2,0,1,0.51815,1.7864,1
1,0,2,0,1,0.51819,0.93521,1
0,0,0,0,1,0.51822,1.1021,1
1,1,1,0,1,0.51827,0.70166,1
1,0,0,0,1,0.65171,0.78518,1
0,1,1,0,1,0.51817,0.66838,1
1,0,2,0,1,0.51804,0.65159,1
0,0,2,0,1,0.51835,0.8853,1
1,1,1,0,1,0.51821,0.60151,1
1,1,0,0,1,0.518,0.65147,1
0,0,2,0,1,0.60163,0.60151,1
1,1,0,0,1,0.51825,0.50134,1
1,1,1,0,1,0.56826,0.60152,1
0,0,1,0,0,0.5181,0.7683,1
1,1,0,0,1,0.53486,0.58486,1
1,1,2,0,1,0.56819,0.9855,1
0,1,1,0,1,0.56811,0.80177,1
1,1,2,0,1,0.51806,0.50134,1
1,1,0,0,1,0.81846,0.58484,1
0,1,2,0,1,0.66837,0.50128,1
1,1,1,0,1,0.51822,0.55153,1
1,1,0,0,1,0.51811,0.6014,1
1,0,2,0,1,0.8019,0.90178,1
0,0,1,0,1,0.51813,0.73505,1
1,0,0,0,1,0.51808,0.68501,1
1,1,2,0,1,0.53489,0.91862,1
0,1,1,0,1,0.51827,0.60158,1
0,0,0,0,1,0.5849,0.66838,1
1,0,2,0,0,0.51823,1.6029,1
0,1,1,0,1,0.58495,1.0354,1
0,0,0,0,1,0.51822,1.5863,1
0,0,1,1,1,0.93566,0.85172,1
0,1,0,1,1,0.9858,0.5014,1
1,0,2,1,1,0.55149,1.1188,1
0,0,1,1,1,0.51809,1.1189,1
1,1,2,1,1,0.63499,1.5361,1
1,1,0,1,1,0.53485,0.56802,1
0,0,0,1,1,0.51819,0.73513,1
1,1,1,1,1,0.51817,1.002,1
0,1,2,1,1,0.5682,0.5181,1
1,0,0,1,1,0.58485,1.0688,1
0,1,2,1,1,0.51813,1.5527,1
0,1,1,1,1,0.66834,0.83522,1
1,1,0,1,1,0.51822,0.98529,1
0,1,2,1,1,0.51816,0.60141,1
1,0,1,1,1,0.51837,0.785,1
1,0,0,1,1,0.51816,0.7517,1
0,1,2,1,1,0.51822,0.60155,1
0,0,1,1,1,0.5181,0.98535,1
0,1,2,1,1,0.51832,0.58478,1
0,0,0,1,1,0.5182,1.4026,1
0,0,1,1,1,0.61829,1.0855,1
0,1,0,1,1,0.51822,0.96867,1
1,0,2,1,1,0.51812,0.71831,1
1,0,1,1,1,0.58494,1.0855,1
0,1,0,1,1,0.60158,0.71849,1
1,0,1,1,1,0.6017,0.61829,1
0,1,2,1,1,0.6016,0.55136,1
0,0,1,1,1,0.53485,0.66822,1
1,1,0,1,1,0.53495,0.50144,1
0,0,2,1,1,0.51805,0.70165,1
0,1,1,1,1,0.51809,0.53488,1
0,0,0,1,1,0.70171,0.88533,1
0,0,2,1,1,0.51822,0.86854,1
1,0,1,1,1,0.5182,0.73505,1
0,1,0,1,1,0.51801,0.78514,1
1,1,2,1,1,0.60147,0.50124,1
1,0,2,1,1,0.66833,1.0855,1
1,1,0,1,1,0.51809,0.83529,1
1,1,1,1,1,0.56819,1.1021,1
1,1,1,1,1,0.56823,1.2692,1
0,0,0,1,1,0.60164,0.86856,1
0,0,2,1,1,0.55168,0.9186,1
1,0,1,1,1,0.71846,0.75176,1
1,1,0,1,1,0.51814,0.58488,1
1,1,2,1,1,0.60171,0.60154,1
0,0,0,1,1,0.51813,0.71825,1
1,0,2,1,1,0.53488,0.66837,1
0,1,1,1,1,0.51825,0.50136,1
0,1,1,1,1,0.51824,0.50149,1
0,0,2,1,1,0.51813,0.88533,1
1,0,0,1,1,0.51808,0.70164,1
0,1,1,1,0,0.70171,0.68503,1
1,0,2,1,1,0.56817,0.66825,1
1,0,0,1,1,0.68501,0.58484,1
0,1,0,1,1,0.51813,0.56824,1
1,1,2,1,1,0.76847,0.53477,1
1,0,1,1,1,0.56839,0.76836,1
1,1,0,1,1,0.70187,0.71843,1
1,1,1,1,1,0.51807,1.169,1
1,0,2,1,1,0.51823,1.319,1
1,0,0,NaN,1,NaN,NaN,2
1,1,2,NaN,1,NaN,NaN,2
1,0,1,NaN,1,NaN,NaN,2
0,1,2,NaN,1,NaN,NaN,2
0,1,1,NaN,1,NaN,NaN,2
1,1,0,NaN,1,NaN,NaN,2
1,0,2,NaN,1,NaN,NaN,2
1,1,0,NaN,1,NaN,NaN,2
1,0,1,NaN,1,NaN,NaN,2
0,0,0,NaN,1,NaN,NaN,2
1,1,2,NaN,1,NaN,NaN,2
0,1,1,NaN,1,NaN,NaN,2
0,0,2,NaN,0,NaN,NaN,2
1,1,1,NaN,1,NaN,NaN,2
1,1,0,NaN,1,NaN,NaN,2
0,1,2,NaN,1,NaN,NaN,2
0,1,0,NaN,1,NaN,NaN,2
1,0,1,NaN,1,NaN,NaN,2
0,1,1,NaN,1,NaN,NaN,2
1,0,0,NaN,1,NaN,NaN,2
0,0,2,NaN,1,NaN,NaN,2
0,1,1,NaN,1,NaN,NaN,2
0,0,2,NaN,1,NaN,NaN,2
1,1,0,NaN,1,NaN,NaN,2
0,1,0,NaN,1,NaN,NaN,2
1,1,1,NaN,1,NaN,NaN,2
0,1,2,NaN,1,NaN,NaN,2
0,1,0,NaN,1,NaN,NaN,2
1,0,1,NaN,1,NaN,NaN,2
0,1,2,NaN,1,NaN,NaN,2
0,1,0,NaN,1,NaN,NaN,2
1,1,1,NaN,1,NaN,NaN,2
0,0,2,NaN,0,NaN,NaN,2
1,1,2,NaN,1,NaN,NaN,2
1,0,0,NaN,1,NaN,NaN,2
0,0,1,NaN,0,NaN,NaN,2
1,0,2,NaN,1,NaN,NaN,2
0,0,0,NaN,1,NaN,NaN,2
1,0,1,NaN,1,NaN,NaN,2
0,1,2,NaN,1,NaN,NaN,2
1,1,0,NaN,1,NaN,NaN,2
1,0,1,NaN,1,NaN,NaN,2
1,1,2,NaN,1,NaN,NaN,2
0,0,1,NaN,0,NaN,NaN,2
0,1,0,NaN,1,NaN,NaN,2
1,1,0,NaN,1,NaN,NaN,2
1,0,1,NaN,1,NaN,NaN,2
0,0,2,NaN,1,NaN,NaN,2
1,1,1,NaN,1,NaN,NaN,2
0,0,0,NaN,1,NaN,NaN,2
0,0,2,NaN,1,NaN,NaN,2
0,1,2,NaN,1,NaN,NaN,2
1,0,1,NaN,1,NaN,NaN,2
1,0,0,NaN,1,NaN,NaN,2
0,0,1,NaN,1,NaN,NaN,2
0,0,0,NaN,0,NaN,NaN,2
0,0,2,NaN,1,NaN,NaN,2
0,0,1,NaN,1,NaN,NaN,2
1,0,2,NaN,0,NaN,NaN,2
1,1,0,NaN,1,NaN,NaN,2
1,0,0,1,1,1.4363,0.71839,2
0,0,1,1,1,1.0857,0.71846,2
1,1,2,1,1,1.2193,0.75171,2
0,0,1,1,1,0.51815,0.91858,2
1,1,0,1,1,0.75186,0.81854,2
1,1,2,1,1,0.5349,0.5013,2
1,1,2,1,1,0.71847,0.50136,2
1,1,0,1,1,0.61846,0.55149,2
0,0,1,1,1,0.65165,0.71833,2
0,1,1,1,1,0.96879,1.2023,2
1,0,2,1,1,0.75186,0.70163,2
0,1,0,1,1,0.68506,0.66825,2
0,0,0,1,1,0.78524,0.90196,2
1,0,1,1,1,0.61833,0.63491,2
0,0,2,1,1,0.96877,1.0688,2
0,1,0,1,1,0.86869,0.50144,2
1,1,2,1,1,0.58496,0.50142,2
0,0,1,1,1,0.63504,0.98532,2
1,0,2,1,1,0.75189,0.65151,2
1,0,0,1,1,0.95205,0.61825,2
1,0,1,1,1,0.51816,0.78513,2
0,1,1,1,1,0.51815,0.53477,2
1,0,0,1,1,0.51807,1.0021,2
0,1,2,1,1,0.51821,0.71839,2
1,1,1,1,1,0.80194,0.68501,2
0,0,2,1,1,0.6684,0.76839,2
1,1,0,1,0,0.9689,1.4026,2
0,1,0,1,1,0.93532,0.73497,2
1,0,1,1,1,0.9522,0.86857,2
0,1,2,1,1,0.81854,0.56809,2
1,0,0,1,1,0.51817,0.70165,2
1,0,2,1,1,1.0521,0.56811,2
0,0,1,1,1,4.4067,1.4694,2
0,0,2,1,1,0.96878,0.75174,2
0,1,1,1,1,0.63502,0.51807,2
1,1,0,1,1,1.2858,0.56812,2
1,0,0,1,1,0.51824,0.73507,2
0,1,1,1,1,0.51822,0.85193,2
1,1,2,1,1,1.3025,0.50137,2
0,0,1,1,1,0.81866,0.80167,2
0,0,2,1,0,0.7686,3.5722,2
0,0,0,1,1,0.88536,0.91858,2
0,1,0,1,1,1.4195,1.9701,2
0,1,1,1,1,1.4028,0.66828,2
0,1,2,1,1,0.66845,0.61823,2
1,0,1,1,1,0.95212,1.4527,2
0,0,0,1,1,1.1522,1.0855,2
1,0,2,1,1,1.0689,0.7685,2
0,1,1,1,1,0.70163,0.9854,2
1,0,0,1,1,0.90208,0.86848,2
0,1,2,1,1,1.3192,0.71833,2
0,1,0,1,1,1.1357,0.76847,2
1,1,1,1,1,0.73515,0.78524,2
0,0,2,1,1,0.90196,0.83524,2
1,1,2,1,1,2.2038,0.50138,2
1,1,1,1,1,0.70177,0.58485,2
1,0,0,1,1,1.5528,1.0521,2
0,1,0,1,1,1.6197,0.85185,2
1,0,1,1,1,0.91867,0.71826,2
1,1,2,1,1,0.902,0.50137,2
0,0,0,0,1,1.6033,0.81835,2
0,1,2,0,1,0.919,1.1522,2
0,0,1,0,1,0.81863,2.1201,2
0,0,0,0,1,1.1857,1.0688,2
0,1,2,0,1,0.7852,0.53478,2
0,1,1,0,1,0.70171,1.2024,2
1,0,1,0,0,0.56839,1.7363,2
0,0,2,0,1,0.51817,0.96866,2
0,0,0,0,1,0.95211,0.80178,2
0,0,1,0,1,0.55165,1.5362,2
1,0,2,0,1,0.51816,0.80171,2
1,1,0,0,1,1.0856,0.51806,2
0,1,2,0,0,0.60176,1.753,2
1,0,1,0,0,0.60166,2.187,2
1,1,0,0,0,0.9688,0.71837,2
1,1,1,0,1,0.51818,0.50136,2
0,0,2,0,1,0.7352,0.95193,2
1,0,0,0,1,1.0022,0.53481,2
1,0,1,0,1,0.71852,1.2691,2
0,0,0,0,0,0.83522,0.50129,2
1,1,2,0,1,0.83521,0.5014,2
0,1,0,0,1,1.1357,0.50128,2
1,1,1,0,1,0.56831,0.61813,2
0,0,2,0,1,0.51826,1.4693,2
0,0,1,0,1,0.51804,1.5695,2
1,1,2,0,1,0.83514,0.50134,2
0,0,0,0,1,1.0856,1.3858,2
1,1,1,0,1,0.66828,0.76835,2
1,0,2,0,0,1.4528,1.1522,2
0,1,0,0,1,0.78523,0.51796,2
0,1,2,0,1,1.2024,0.5013,2
0,1,1,0,1,0.93529,1.4526,2
0,1,0,0,1,1.0522,0.61808,2
1,1,1,0,1,0.71839,0.71842,2
0,1,2,0,1,0.6517,0.50141,2
0,0,0,0,1,0.80186,0.90193,2
0,0,1,0,1,0.71844,0.93541,2
1,0,2,0,1,0.65168,1.5861,2
0,1,0,0,1,0.71861,0.55147,2
0,1,0,0,1,0.70174,0.55144,2
1,1,2,0,1,0.93548,0.53474,2
0,0,1,0,1,0.95206,2.454,2
0,0,1,0,1,0.70174,1.3692,2
1,0,0,0,1,1.1024,0.90187,2
0,0,2,0,0,2.7545,0.71829,2
1,1,0,0,1,0.88533,0.51802,2
1,0,2,0,1,0.66828,0.56811,2
0,1,1,0,1,0.73516,1.2525,2
1,1,2,0,0,0.51818,1.6363,2
0,1,0,0,1,0.86871,0.78514,2
0,0,1,0,1,0.78518,0.9687,2
1,0,0,0,1,1.069,1.4693,2
1,0,1,0,1,0.56829,1.3025,2
1,0,2,0,1,0.58488,0.53476,2
0,0,2,0,1,0.85194,0.88518,2
1,1,1,0,1,1.386,2.1702,2
0,1,0,0,1,0.85202,0.63482,2
0,1,2,0,1,0.75197,1.436,2
0,1,0,0,1,1.4195,0.56822,2
0,1,1,0,1,1.0523,1.7197,2
0,0,2,1,1,0.85216,0.88522,2
0,0,1,1,1,1.0356,1.2024,2
1,1,0,1,1,1.0858,0.83524,2
1,1,0,1,1,1.0188,0.60151,2
1,1,1,1,1,0.90205,0.53473,2
0,0,2,1,1,1.1022,1.5862,2
1,0,1,1,0,0.68505,1.2024,2
1,0,2,1,1,0.68516,0.53478,2
0,1,0,1,1,0.85207,0.55142,2
0,1,2,1,1,1.1691,0.80178,2
0,1,0,1,1,0.96888,0.65166,2
1,0,1,1,0,0.58499,1.002,2
0,1,1,1,1,1.3861,0.50147,2
1,1,0,1,1,0.91872,0.50153,2
0,0,2,1,1,0.51814,0.76842,2
0,1,1,1,1,0.51827,0.51809,2
1,0,0,1,1,1.0356,0.85188,2
0,1,2,1,1,0.53491,0.50138,2
1,0,0,1,1,0.68508,0.76854,2
1,1,1,1,1,0.51804,0.56813,2
0,1,2,1,1,0.63503,0.50134,2
0,0,2,1,0,0.63495,0.63489,2
1,0,1,1,1,0.56824,1.92,2
1,1,0,1,1,1.2025,0.50137,2
0,1,1,1,1,1.7198,0.50137,2
1,0,0,1,1,0.7185,0.56816,2
1,0,2,1,1,0.51826,0.66836,2
0,0,2,1,1,0.53475,0.85181,2
1,1,1,1,1,0.51818,0.61822,2
1,0,0,1,1,0.88529,0.81848,2
1,0,2,1,1,0.96871,0.58483,2
0,0,1,1,1,0.71828,1.2691,2
1,0,0,1,1,1.3026,1.1354,2
1,1,0,1,1,0.60165,1.1856,2
0,0,1,1,1,0.63505,1.8032,2
0,0,2,1,1,0.78526,0.85183,2
0,0,0,1,1,0.51817,0.8352,2
0,0,2,1,0,0.56822,0.75176,2
0,0,1,1,1,0.51809,1.0187,2
1,1,0,1,1,0.76841,0.50134,2
0,1,2,1,1,0.80182,0.50138,2
1,1,1,1,1,0.51818,1.3191,2
1,0,0,1,1,1.1023,0.90185,2
0,0,1,1,1,0.8853,0.86851,2
1,1,2,1,1,0.51821,0.66827,2
0,1,1,1,1,0.86877,1.4526,2
1,1,0,1,1,0.75189,0.55146,2
1,1,2,1,1,0.71839,0.55141,2
1,0,2,1,1,0.53494,0.95192,2
1,1,0,1,1,0.71841,0.51809,2
0,1,1,1,1,0.7686,1.219,2
1,0,0,1,1,0.73502,0.7684,2
0,0,2,1,0,0.73509,0.78507,2
0,1,1,1,1,1.4027,1.002,2
1,1,0,1,1,0.73507,0.58479,2
0,0,2,1,1,0.51813,0.70156,2
1,1,1,1,1,1.0524,0.56812,2
1,1,1,1,1,0.75199,0.60135,2
0,1,0,1,1,0.95212,0.5014,2
0,0,2,1,1,1.2358,0.80179,2
0,1,2,0,1,3.2556,0.96867,3
1,1,0,0,1,1.0522,0.88509,3
1,0,1,0,0,1.0523,1.0855,3
0,1,1,0,1,1.1358,0.65157,3
1,1,2,0,1,0.83536,0.70166,3
1,1,0,0,1,0.66848,0.50146,3
1,0,2,0,1,0.93533,0.76846,3
1,1,0,0,1,0.83543,0.6015,3
1,0,1,0,1,1.0189,0.71839,3
1,1,1,0,1,0.90207,0.55151,3
1,0,0,0,1,0.95207,0.88512,3
1,0,2,0,1,1.0357,0.70167,3
1,0,1,0,1,0.80198,0.85192,3
1,0,2,0,1,0.83543,0.70175,3
1,1,0,0,1,0.75177,0.65151,3
0,0,1,0,1,0.80196,0.60152,3
1,0,2,0,1,1.3192,0.75177,3
0,1,0,0,1,0.56827,0.73488,3
1,0,0,0,1,0.63499,0.90196,3
0,1,2,0,1,1.2524,0.75175,3
0,0,1,0,1,1.2358,0.78516,3
0,1,1,0,1,1.1858,0.68494,3
0,1,2,0,1,0.76859,0.50143,3
1,1,0,0,1,0.65168,0.5013,3
0,0,0,0,1,0.93536,0.71834,3
1,0,1,0,1,0.88524,0.63489,3
1,0,2,0,1,0.86866,0.81841,3
1,1,0,0,1,0.90208,0.51805,3
1,0,2,0,1,0.93531,0.71845,3
1,0,1,0,1,1.1189,0.58492,3
0,1,0,0,1,1.069,0.65156,3
0,0,2,0,0,0.93532,0.56808,3
1,0,1,0,1,1.4693,0.55135,3
1,0,1,0,1,0.85194,0.6682,3
0,1,2,0,1,0.58483,0.50142,3
1,1,0,0,1,0.55163,0.50146,3
1,1,2,0,1,1.0689,0.66815,3
0,0,1,0,1,0.83532,1.3359,3
0,0,0,0,0,0.55163,0.75166,3
0,0,2,0,1,1.2024,0.88533,3
1,0,1,0,1,1.1191,0.73515,3
1,1,0,0,1,1.4528,0.51809,3
0,0,1,0,1,0.76859,0.75172,3
0,1,2,0,1,0.96883,0.5681,3
0,1,0,0,1,0.63514,0.50138,3
0,1,0,0,1,0.76865,0.50132,3
1,1,2,0,1,1.1524,0.50139,3
1,0,1,0,0,1.119,0.65157,3
0,0,2,0,0,0.88523,0.58489,3
0,1,1,0,1,1.1524,0.51807,3
1,1,0,0,1,0.83531,0.93522,3
0,0,2,0,1,1.0689,0.90192,3
0,1,0,0,1,1.2358,0.5516,3
0,1,1,0,1,1.1023,0.50137,3
1,0,0,0,0,1.5863,0.6515,3
0,0,2,0,1,1.2526,0.85184,3
0,0,1,0,1,1.3528,1.1523,3
1,1,0,0,1,1.2358,0.61811,3
1,1,1,0,1,1.4696,0.50143,3
0,1,2,0,1,0.96879,0.50131,3
0,1,2,1,1,4.4737,0.65166,3
1,0,1,1,0,1.5865,0.80179,3
0,1,0,1,1,1.1357,0.53477,3
1,0,2,1,1,1.1525,0.88519,3
1,0,1,1,1,1.1857,0.73505,3
1,1,0,1,1,1.002,0.50138,3
0,0,2,1,0,0.88544,0.81847,3
0,1,0,1,1,1.0022,0.53479,3
1,0,1,1,1,1.2359,0.90197,3
0,0,1,1,1,1.2024,0.70169,3
1,0,0,1,1,1.2691,0.71841,3
1,1,2,1,1,1.2025,0.50129,3
1,0,1,1,1,1.0021,0.81835,3
1,1,0,1,1,0.98553,0.55141,3
0,1,2,1,1,0.88548,0.5014,3
0,0,1,1,1,1.0021,0.86849,3
1,1,0,1,1,0.98539,0.63489,3
0,0,2,1,1,1.2527,0.81848,3
1,1,0,1,1,1.4362,0.50147,3
0,0,1,1,0,1.3528,0.60154,3
0,0,2,1,1,1.2692,1.2858,3
0,1,1,1,1,1.0689,0.51801,3
0,0,0,1,1,1.2524,0.88513,3
1,1,2,1,1,1.1525,0.50139,3
1,0,0,1,1,1.1858,0.73511,3
0,1,2,1,1,1.2523,0.5347,3
1,1,1,1,1,0.75175,0.5013,3
0,0,2,1,1,1.1523,0.83516,3
1,0,0,1,1,1.2692,0.76846,3
1,0,1,1,1,0.80186,0.735,3
1,1,2,1,1,1.4361,0.53468,3
1,0,0,1,1,1.1524,0.65159,3
0,1,1,1,1,1.0689,0.56827,3
1,0,0,1,1,1.7532,0.685,3
1,1,2,1,1,0.96873,0.5014,3
1,0,1,1,1,1.0355,0.65159,3
1,1,0,1,1,1.6363,0.50133,3
0,0,1,1,1,1.1357,0.81859,3
1,1,2,1,1,1.0689,0.518,3
0,1,1,1,1,2.087,0.75172,3
1,0,2,1,1,1.3693,1.1021,3
0,0,0,1,1,0.95212,0.68499,3
1,0,2,1,1,1.5362,0.88534,3
1,1,1,1,1,1.6531,0.50129,3
0,0,0,1,1,1.3026,1.0188,3
0,1,2,1,1,1.1858,0.51812,3
1,1,0,1,1,1.1857,0.55155,3
0,1,1,1,1,1.2525,0.50138,3
0,1,2,1,1,1.2525,0.56816,3
0,0,0,1,1,1.1523,1.0187,3
0,0,1,1,1,3.2051,0.73504,3
0,1,1,1,1,1.5529,0.51802,3
0,0,2,1,1,1.0689,0.7518,3
0,1,0,1,1,1.0689,0.53478,3
1,1,2,1,1,0.93537,0.50146,3
0,0,0,1,1,1.1692,0.73509,3
1,1,1,1,1,0.95205,0.51808,3
1,1,1,1,1,2.2205,0.50148,3
1,1,0,1,1,0.93538,0.65148,3
1,0,2,1,1,1.0857,0.73512,3
0,0,0,0,1,1.3362,1.0354,3
0,1,2,0,1,0.9357,0.55146,3
1,0,1,0,1,0.83533,0.8018,3
0,1,2,0,1,0.90199,0.51803,3
1,0,0,0,0,1.0689,1.2023,3
1,0,1,0,1,1.169,0.83507,3
1,1,1,0,1,1.1691,0.50128,3
0,0,2,0,1,0.78518,0.91857,3
1,0,0,0,1,1.2859,0.88519,3
1,0,2,0,1,0.98554,0.73505,3
1,1,1,0,1,1.2024,0.50138,3
0,1,0,0,1,1.0189,0.50149,3
1,0,0,0,1,1.436,0.8352,3
0,1,2,0,1,1.069,0.6016,3
0,1,1,0,1,1.119,0.5014,3
0,1,1,0,1,0.90207,0.70168,3
0,1,2,0,1,1.0524,0.70174,3
1,0,0,0,0,0.66838,0.78501,3
0,0,2,0,1,0.91872,1.0188,3
0,0,0,0,1,1.82,0.65166,3
0,1,1,0,1,0.95212,0.55152,3
1,0,1,0,0,1.336,0.66824,3
0,1,2,0,1,1.0355,0.83527,3
0,0,0,0,1,1.119,1.0688,3
1,1,2,0,1,1.0355,0.58483,3
1,1,1,0,1,1.2358,0.50128,3
0,0,0,0,1,1.4028,0.78503,3
0,1,0,0,1,1.0355,0.53477,3
1,0,2,0,1,1.0857,0.80175,3
1,1,1,0,1,1.3192,0.66822,3
1,0,2,0,0,1.553,0.96871,3
0,0,1,0,1,1.87,0.68499,3
1,0,0,0,1,1.3026,0.61815,3
1,0,1,0,1,1.0188,0.80181,3
1,1,0,0,1,1.1191,0.50132,3
0,1,2,0,1,0.83534,0.75167,3
0,0,1,0,1,0.9521,0.80181,3
0,0,2,0,1,0.98548,0.68498,3
0,0,0,0,1,1.6364,0.7851,3
1,1,1,0,1,0.91869,0.53478,3
0,0,2,0,1,0.96874,0.71821,3
1,1,0,0,1,1.1857,0.50129,3
1,0,0,0,1,1.0522,0.73505,3
0,1,2,0,1,2.0536,0.60152,3
1,0,1,0,1,0.96887,0.70155,3
0,1,2,0,1,1.0523,0.55154,3
0,1,1,0,1,0.76843,0.50136,3
1,1,0,0,1,0.9187,0.65159,3
0,1,0,0,1,0.81852,0.56816,3
0,1,1,0,1,0.95214,0.50139,3
0,0,2,0,1,1.0522,0.65157,3
1,1,0,0,1,1.0356,0.73505,3
1,0,1,0,1,0.95199,0.68495,3
0,1,2,0,1,1.0355,0.81839,3
0,0,1,0,0,1.2524,0.88517,3
1,1,2,0,1,1.0021,0.58485,3
1,0,0,0,1,1.386,0.81849,3
1,0,0,0,1,1.069,0.95213,3
1,1,1,0,1,0.91877,0.50131,3
1,1,2,0,1,1.0522,0.66829,3
0,1,0,1,1,1.9204,0.60154,3
1,0,2,1,1,0.90221,0.78518,3
1,1,1,1,1,1.069,0.63485,3
1,0,0,1,1,1.0689,0.61814,3
1,1,2,1,1,0.86852,0.50145,3
1,1,1,1,1,0.93539,0.53479,3
1,0,2,1,1,0.8686,0.66818,3
0,1,1,1,1,1.0856,0.50129,3
0,0,0,1,1,0.88527,0.78497,3
1,1,2,1,1,1.0189,0.68499,3
1,0,0,1,1,0.80188,0.78513,3
1,0,1,1,1,0.88543,0.63485,3
1,1,0,1,1,1.2859,0.50138,3
0,1,2,1,1,0.98541,0.55148,3
1,0,1,1,1,0.83524,0.65164,3
1,0,1,1,1,0.85192,0.68504,3
0,0,2,1,0,0.66832,0.78518,3
0,0,0,1,1,0.86866,0.80186,3
1,1,1,1,1,0.70172,0.50135,3
1,0,2,1,1,0.91877,0.73506,3
1,1,0,1,1,0.93553,0.50132,3
1,0,2,1,1,0.90196,0.73505,3
1,0,0,1,1,1.2024,0.60142,3
0,0,1,1,0,0.51829,0.7518,3
0,1,1,1,1,1.2191,0.5014,3
0,1,2,1,1,1.1691,0.50138,3
0,1,0,1,1,0.73511,0.50139,3
0,0,0,1,1,0.98538,0.63489,3
0,0,2,1,1,0.86866,0.81858,3
0,0,1,1,1,1.3694,0.68503,3
0,1,2,1,1,0.88524,0.50138,3
0,0,0,1,0,0.65171,0.63495,3
0,1,1,1,1,1.0189,0.51794,3
0,1,0,1,1,1.0188,0.50141,3
0,1,1,1,1,1.2859,0.50135,3
1,1,2,1,1,1.4693,0.50133,3
0,0,0,1,1,1.0856,0.63487,3
1,0,2,1,1,0.83521,0.66822,3
0,1,1,1,1,1.4361,0.50137,3
0,0,2,1,1,0.80192,0.65159,3
0,1,1,1,1,0.85208,0.50145,3
1,0,0,1,1,1.2025,0.66812,3
0,0,0,1,1,1.5196,1.4027,3
1,1,2,1,1,1.2525,0.50124,3
1,1,1,1,1,1.2692,0.51804,3
1,0,2,1,1,1.0856,0.68498,3
1,1,1,1,1,1.1522,0.58482,3
0,0,0,1,1,1.6196,1.4025,3
0,1,0,1,1,1.7197,0.50135,3
1,0,2,1,1,1.0356,0.60157,3
1,0,1,1,1,0.96871,0.63489,3
1,1,2,1,1,0.98538,0.5013,3
1,1,0,1,1,1.2193,0.5848,3
0,1,1,1,1,1.1024,0.55144,3
0,1,1,1,1,1.1857,0.53475,3
0,0,0,1,1,1.5695,0.90193,3
0,0,2,1,1,1.7365,0.81861,3
0,0,1,1,1,0.96875,0.71821,3
1,1,2,1,1,0.65168,0.58469,3
0,1,0,1,1,1.0856,0.51806,3
0,1,0,1,1,2.8716,1.119,4
0,0,2,1,1,2.9049,1.1856,4
1,1,1,1,1,1.4195,0.71838,4
1,1,0,1,1,1.4026,0.75159,4
1,1,1,1,1,1.3026,0.61819,4
1,0,2,1,1,1.7698,0.8018,4
0,0,1,1,1,1.3692,0.91855,4
0,1,0,1,1,1.5029,0.80183,4
0,1,2,1,1,1.2358,0.58491,4
1,1,1,1,1,1.3193,0.66838,4
1,0,2,1,1,1.4529,0.68492,4
0,0,0,1,1,1.2192,1.1522,4
0,0,0,1,1,1.386,0.91866,4
0,0,2,1,1,1.0189,0.96867,4
0,1,1,1,1,1.4528,1.1522,4
0,0,2,1,1,1.2693,1.0855,4
1,0,1,1,1,1.3526,0.76837,4
1,0,0,1,1,1.3025,0.73509,4
1,0,2,1,1,1.0856,0.66826,4
0,1,0,1,1,1.3193,0.6015,4
0,0,1,1,1,1.2525,0.85181,4
1,1,2,1,1,1.1858,0.76844,4
0,0,1,1,1,1.1023,0.96878,4
1,1,0,1,1,1.0857,0.66838,4
1,1,0,1,1,1.3027,0.55152,4
0,0,1,1,1,1.1524,1.0187,4
1,0,2,1,0,1.1524,0.78509,4
1,1,2,1,1,1.6866,0.90201,4
0,1,1,1,1,1.3193,1.8033,4
1,0,0,1,1,1.6364,0.91866,4
0,0,2,1,1,1.2024,1.1022,4
1,0,0,1,1,1.4695,0.95196,4
0,1,1,1,1,1.6365,0.73494,4
0,1,2,1,1,1.4528,1.1522,4
1,1,1,1,1,1.3025,0.65162,4
1,1,0,1,1,1.5028,1.0356,4
1,1,0,1,1,1.1357,0.6349,4
0,1,2,1,1,0.75194,0.96863,4
0,1,1,1,1,1.1525,1.5696,4
1,0,2,1,1,1.2691,0.8685,4
1,0,0,1,1,0.96874,0.83512,4
1,1,1,1,1,1.5028,0.6516,4
1,0,2,1,1,0.9688,0.96878,4
0,0,1,1,1,1.1858,0.96864,4
1,0,0,1,1,0.98537,0.78509,4
1,0,0,1,1,0.70178,0.65161,4
0,1,1,1,1,1.1356,0.70165,4
1,1,2,1,1,1.2692,0.63496,4
1,1,0,1,1,0.98554,0.70159,4
1,0,2,1,1,1.0354,0.60147,4
1,1,1,1,1,1.1356,0.66826,4
0,0,0,1,1,0.86868,0.75173,4
1,0,2,1,1,0.80192,0.86853,4
0,0,1,1,1,1.0355,1.0688,4
0,0,2,1,1,1.1691,1.0522,4
0,1,0,1,0,1.0355,1.6028,4
1,1,1,1,1,1.3861,0.6682,4
0,0,0,1,1,1.4861,2.287,4
0,1,1,1,1,1.4195,0.68496,4
0,1,2,1,1,1.3693,1.5027,4
0,1,2,0,1,1.4866,0.83518,4
0,0,1,0,1,1.5697,1.4526,4
1,0,0,0,1,1.5863,0.93535,4
0,0,2,0,1,0.80182,0.85194,4
1,1,0,0,1,1.1691,0.98536,4
1,1,1,0,1,1.2858,0.70166,4
1,0,0,0,1,0.71852,1.4194,4
0,0,2,0,1,0.9188,1.4861,4
0,1,1,0,1,1.3526,0.55145,4
1,1,0,0,1,1.2358,0.66815,4
1,0,2,0,1,0.96892,0.70168,4
0,0,1,0,1,0.80194,1.0355,4
1,1,0,0,1,0.98545,0.53471,4
1,1,2,0,1,0.93539,0.65155,4
0,1,1,0,1,1.0188,0.68511,4
0,0,0,0,1,0.73508,0.88533,4
1,1,1,0,1,1.0022,0.56825,4
0,0,2,0,1,0.96889,1.169,4
1,1,2,0,1,1.1524,0.58474,4
0,0,1,0,1,0.90211,1.5362,4
0,0,0,0,1,0.83542,0.95203,4
1,1,2,0,1,0.9521,0.6184,4
0,1,0,0,1,0.88537,0.61814,4
1,1,1,0,1,1.119,0.61828,4
0,0,0,0,1,0.78516,1.0688,4
1,1,2,0,1,0.95207,0.50127,4
1,1,1,0,1,1.2693,0.65158,4
1,0,0,0,1,0.81852,0.90193,4
0,0,2,0,1,0.75186,1.0188,4
1,1,1,0,1,0.95199,0.50148,4
0,0,0,0,1,0.60165,0.86858,4
1,0,2,0,1,0.86859,0.71837,4
1,0,1,0,1,0.63489,0.63492,4
0,1,2,0,1,0.96882,0.76836,4
1,0,0,0,1,0.68498,0.85185,4
1,0,1,0,1,0.80186,0.6516,4
1,1,0,0,1,1.0523,0.60163,4
1,0,2,0,1,0.81865,0.66829,4
1,0,1,0,1,0.88538,0.65159,4
1,1,1,0,1,1.0189,0.70176,4
1,0,0,0,1,0.75186,0.55134,4
0,1,2,0,1,0.93544,0.86866,4
0,1,1,0,1,0.91873,0.70166,4
0,0,2,0,1,0.91875,0.90191,4
0,0,0,0,1,0.71845,0.85179,4
0,0,1,0,1,1.2024,1.4694,4
0,0,2,0,1,0.86855,1.1189,4
1,1,0,0,1,0.86874,0.66823,4
0,0,0,0,1,0.71842,0.93521,4
1,0,1,0,1,0.73528,1.2692,4
1,1,2,0,1,1.0356,0.5849,4
1,1,2,0,1,0.71841,0.50139,4
0,1,1,0,1,0.98534,0.53484,4
1,1,0,0,1,0.76836,0.61827,4
0,1,0,0,1,0.81863,0.73513,4
1,0,1,0,1,0.78529,0.70165,4
1,1,2,0,1,0.76865,0.53476,4
1,1,2,0,1,0.83528,0.50131,4
1,0,1,0,1,0.98544,0.98539,4
0,1,0,0,1,0.83517,1.1855,4
0,1,1,1,1,1.6199,0.80178,4
0,0,2,1,1,1.1526,1.5527,4
1,1,0,1,1,1.0689,0.83522,4
0,0,0,1,1,0.75186,1.3192,4
0,0,1,1,1,0.90201,1.0187,4
1,1,2,1,1,0.91869,0.50135,4
1,1,0,1,1,1.3025,0.60151,4
1,0,1,1,1,0.86866,0.85187,4
1,0,2,1,1,0.90201,1.2525,4
0,0,2,1,1,1.1691,0.93525,4
0,1,0,1,1,1.0189,1.0522,4
1,0,1,1,1,1.1524,0.68494,4
1,0,0,1,1,0.66835,0.61812,4
1,1,2,1,1,0.7853,0.56812,4
1,0,1,1,1,0.63497,1.2525,4
1,1,1,1,1,0.76852,0.5514,4
0,1,2,1,1,1.1023,1.1355,4
1,1,0,1,1,0.66834,0.53475,4
0,0,0,1,1,0.73513,0.85186,4
0,1,2,1,1,0.75192,0.61816,4
1,1,1,1,1,0.90213,1.1188,4
0,0,0,1,1,1.4862,1.169,4
1,0,2,1,1,1.0856,0.76838,4
0,1,1,1,1,0.9188,0.61815,4
0,0,0,1,1,0.86865,0.81846,4
0,0,2,1,1,0.75179,0.80189,4
0,1,1,1,1,0.95212,0.55144,4
1,0,2,1,1,1.2359,0.68506,4
1,0,1,1,1,0.83538,0.80179,4
0,0,0,1,1,0.88526,0.98542,4
1,0,1,1,1,0.91866,0.65164,4
0,1,2,1,1,0.7185,0.56819,4
0,1,0,1,1,0.60156,1.0521,4
1,1,2,1,1,1.0188,0.5014,4
0,1,1,1,1,0.83527,0.61813,4
1,0,0,1,1,0.8854,0.6349,4
1,1,2,1,1,1.0689,0.70163,4
0,0,0,1,1,0.66842,1.3525,4
1,0,1,1,1,0.88548,0.56819,4
1,0,2,1,1,0.96881,0.7517,4
1,1,1,1,1,1.0022,0.50138,4
1,0,0,1,1,0.6851,0.68503,4
0,1,1,1,1,1.0189,0.6015,4
1,1,0,1,1,0.71843,0.50144,4
1,1,2,1,1,0.83523,0.50146,4
1,1,0,1,1,0.76846,0.66842,4
1,0,2,1,1,0.90212,0.56815,4
0,1,1,1,1,0.70176,0.51806,4
1,0,2,1,1,0.83526,0.60155,4
0,1,1,1,1,0.96869,0.73505,4
0,1,0,1,1,0.63512,0.80183,4
0,1,0,1,1,0.73523,0.70182,4
0,1,2,1,1,0.76854,0.76834,4
0,0,1,1,1,0.98542,1.0021,4
0,0,0,1,1,0.81859,0.90196,4
1,1,2,1,1,0.83531,0.50138,4
0,0,1,1,1,1.3359,0.85178,4
1,1,0,1,1,0.95207,0.66827,4
1,0,2,1,1,1.0355,0.96872,4
1,0,1,1,1,1.0857,0.81846,4
0,0,0,0,1,1.9371,1.0021,4
1,0,2,0,1,0.96889,0.6015,4
0,0,1,0,1,0.88538,0.90186,4
0,1,1,0,1,0.68522,0.66831,4
1,1,0,0,1,0.71853,1.1189,4
1,0,2,0,1,0.90201,0.60153,4
1,0,0,0,1,0.78529,0.78507,4
1,0,2,0,1,1.1358,0.6181,4
1,1,1,0,1,0.6851,1.2357,4
1,1,1,0,1,0.71843,0.50142,4
0,0,2,0,1,0.81856,0.75177,4
1,0,0,0,1,0.71843,0.61823,4
0,1,1,0,1,0.71857,0.96868,4
0,1,2,0,0,0.71841,1.0688,4
0,1,0,0,1,0.83544,0.86856,4
1,1,0,0,1,0.66841,0.58486,4
1,1,1,0,1,0.91892,0.50133,4
0,0,2,0,1,1.119,0.93525,4
1,0,2,0,1,0.96882,1.0689,4
1,0,0,0,1,0.90217,0.65158,4
1,0,1,0,1,0.66838,0.61821,4
0,1,0,0,1,0.75185,0.68503,4
1,0,2,0,1,0.71837,0.65159,4
0,1,1,0,1,0.95206,0.60151,4
0,1,0,0,1,0.902,0.58478,4
1,0,2,0,1,1.1357,0.70167,4
1,0,1,0,1,0.66835,0.58485,4
0,0,0,0,1,0.88537,1.5194,4
0,0,2,0,1,0.51821,1.0187,4
1,0,1,0,1,0.6851,0.93523,4
1,0,0,0,1,0.73508,0.91863,4
1,0,1,0,1,1.386,0.60151,4
1,1,2,0,1,1.1357,0.53477,4
0,0,2,0,1,0.65169,0.96856,4
0,1,0,0,1,0.76853,1.4694,4
1,0,1,0,1,0.73516,0.68499,4
1,1,1,0,1,0.78518,0.50145,4
1,0,2,0,1,0.7185,0.76842,4
0,1,0,0,1,0.61836,0.78508,4
0,1,0,0,1,0.53483,0.66822,4
0,1,2,0,1,1.0022,2.1537,4
0,1,1,0,1,1.0856,0.5013,4
1,1,1,0,1,0.95212,1.0353,4
0,0,2,0,1,0.9856,1.3525,4
1,1,0,0,1,0.68501,0.55147,4
0,0,1,0,1,1.1357,0.78523,4
0,0,0,0,1,0.65171,0.80185,4
0,0,2,0,1,0.65171,0.91859,4
0,1,0,0,1,0.91873,0.53476,4
0,1,2,0,1,0.68514,0.61817,4
0,1,1,0,1,0.86857,0.51809,4
0,1,2,0,1,0.75182,0.58481,4
1,1,1,0,1,0.66835,0.50133,4
0,0,0,0,1,0.85194,0.86851,4
0,1,1,0,1,0.78518,0.68486,4
1,1,2,0,1,0.56815,0.50152,4
1,1,0,0,1,0.63508,0.65166,4
0,0,1,0,1,0.86876,0.70163,4
0,0,0,0,1,1.1524,1.002,4
0,1,2,0,1,1.0356,0.51808,4
0,1,1,1,1,2.104,1.0354,5
0,1,0,1,1,2.0869,1.1189,5
0,0,2,1,1,2.0204,1.3525,5
0,1,1,1,1,1.6029,1.3025,5
1,0,2,1,1,1.4361,0.91854,5
1,1,0,1,1,2.0368,0.83513,5
0,0,1,1,0,1.0023,1.0687,5
1,0,2,1,1,1.0857,0.93531,5
1,0,0,1,1,1.6697,2.237,5
1,0,0,1,1,2.2038,0.85181,5
1,1,1,1,1,1.069,0.88523,5
0,1,2,1,1,1.1525,1.2357,5
1,1,1,1,1,1.0355,0.95206,5
1,0,2,1,1,1.3193,0.90191,5
1,1,0,1,1,1.6863,0.90188,5
0,0,0,1,1,2.3208,1.2023,5
0,1,2,1,1,1.0022,0.98539,5
1,1,1,1,1,0.93533,1.002,5
0,0,1,1,1,1.3192,1.3192,5
0,0,0,1,1,1.8032,1.4194,5
0,0,2,1,1,1.1358,1.0854,5
0,0,2,1,1,1.1691,1.1021,5
0,1,1,1,1,0.9688,0.88515,5
1,0,0,1,1,2.0369,1.3024,5
1,0,1,1,1,1.2358,0.90187,5
0,1,2,1,1,0.95201,0.66822,5
0,0,0,1,1,1.486,1.2524,5
0,0,2,1,1,1.4027,1.119,5
1,1,0,1,1,1.7364,0.71837,5
1,0,1,1,1,1.1857,1.1355,5
0,0,0,1,1,1.7032,1.4194,5
1,0,1,1,1,1.0856,0.86853,5
1,1,2,1,1,1.1523,0.61823,5
0,1,2,1,1,1.0189,0.93538,5
0,1,0,1,1,1.6531,0.7685,5
1,0,1,1,1,1.2024,1.1356,5
0,1,0,1,1,1.1023,1.6529,5
1,1,1,1,1,1.0189,0.6682,5
0,0,2,1,1,1.3359,1.0856,5
0,0,1,1,1,1.0022,1.5694,5
0,1,0,1,1,1.5529,1.2358,5
1,0,2,1,1,1.3694,0.88518,5
0,1,2,1,1,1.553,1.3191,5
1,0,0,1,0,1.3193,1.6362,5
1,1,1,1,1,1.4528,0.80188,5
1,1,2,1,1,0.95207,0.65166,5
1,0,0,1,1,1.4027,0.96873,5
0,1,1,1,1,1.4861,0.86855,5
0,0,2,1,1,1.5029,1.1023,5
0,0,1,1,1,1.4694,1.4527,5
1,1,0,1,1,1.5362,0.8185,5
1,1,1,1,1,1.1524,0.61823,5
0,1,0,1,1,1.2525,0.76843,5
0,0,2,1,1,1.5194,0.96861,5
0,0,1,1,1,1.2526,1.3191,5
0,1,2,1,1,1.3359,0.88522,5
1,0,0,1,1,1.3192,0.81842,5
0,1,2,1,1,1.2025,1.1856,5
0,1,0,1,1,1.1525,0.65153,5
1,1,1,1,1,1.1022,0.53472,5
1,1,1,0,1,1.186,1.0021,5
1,1,2,0,1,0.902,0.75174,5
0,1,0,0,1,1.2526,0.952,5
1,0,2,0,1,1.0691,0.93527,5
0,0,0,0,1,2.0201,0.95208,5
1,1,1,0,1,0.85191,0.75167,5
1,0,2,0,1,1.0856,0.78496,5
1,0,1,0,1,1.4028,0.8018,5
0,1,0,0,1,1.5695,0.88533,5
0,0,0,0,1,1.4694,0.86855,5
1,1,1,0,1,1.1357,0.83512,5
1,1,2,0,1,1.1524,0.68499,5
0,1,0,0,1,1.6697,0.71845,5
0,0,1,0,1,1.2526,0.81858,5
0,1,2,0,1,0.95206,0.76848,5
1,1,2,0,1,1.3693,0.55148,5
0,0,0,0,1,1.8868,0.86847,5
1,1,1,0,1,1.1525,0.70165,5
0,1,1,0,1,1.0856,0.68496,5
1,1,0,0,1,1.1523,0.91856,5
0,1,2,0,1,1.2025,0.60144,5
0,0,1,0,1,0.98552,0.85182,5
0,0,2,0,1,1.4529,1.2357,5
1,0,0,0,1,1.7534,1.4025,5
0,0,2,0,1,1.3527,0.71821,5
1,0,1,0,1,1.169,0.85185,5
1,0,0,0,1,1.5029,0.80168,5
0,0,2,0,1,1.0523,0.9853,5
1,1,1,0,1,1.1858,0.66838,5
0,1,0,0,1,1.2024,0.518,5
0,0,1,0,1,1.9034,1.0855,5
1,0,2,0,1,1.0856,1.219,5
0,0,0,0,1,1.5196,1.219,5
0,1,0,0,1,1.87,0.60142,5
0,1,1,0,1,1.2525,0.65159,5
0,1,2,0,1,1.0187,0.61833,5
1,0,1,0,1,1.2192,0.70168,5
0,0,0,0,1,1.3693,1.0022,5
1,0,2,0,1,1.336,0.83511,5
1,0,2,0,1,1.5362,1.1021,5
1,0,1,0,1,0.9356,0.66834,5
0,1,0,0,1,1.7699,0.95205,5
0,1,2,0,1,0.86868,0.88524,5
1,0,1,0,1,0.91866,0.73512,5
0,1,0,0,1,1.4361,1.1522,5
0,1,0,0,1,1.7199,0.85187,5
1,0,2,0,1,1.3192,1.2357,5
0,0,1,0,1,1.0856,1.6029,5
0,1,2,0,1,1.4193,0.56829,5
1,0,0,0,1,1.6029,0.90192,5
1,1,1,0,1,1.0355,0.60149,5
0,0,2,0,1,1.0021,1.219,5
1,1,1,0,1,0.96876,0.58489,5
0,0,0,0,1,1.92,1.0688,5
1,0,2,0,1,1.1357,1.0353,5
1,0,1,0,1,1.0022,0.68497,5
0,1,0,0,1,1.3193,0.635,5
1,1,2,0,1,1.2192,0.75172,5
1,1,1,0,1,0.96876,0.80177,5
1,1,0,0,1,1.4194,0.75161,5
1,1,1,1,1,1.6367,0.85195,5
1,0,2,1,1,1.1359,0.81857,5
0,1,0,1,1,1.436,1.0522,5
1,1,1,1,1,1.0355,0.71845,5
0,1,0,1,1,1.5028,1.0521,5
1,0,2,1,1,1.2692,1.3192,5
0,1,1,1,1,1.2024,0.90199,5
1,1,2,1,1,1.4527,0.80181,5
0,1,0,1,1,1.8534,0.95201,5
1,0,1,1,1,1.5196,0.76852,5
1,0,2,1,1,1.4863,0.9687,5
0,1,0,1,1,1.4527,1.0688,5
0,1,2,1,1,1.2024,0.66822,5
0,1,1,1,1,1.3192,0.75179,5
1,0,0,1,1,1.4028,0.93528,5
0,0,2,1,1,1.4529,1.1356,5
0,1,0,1,1,1.6531,0.56818,5
1,0,1,1,1,1.7198,0.8352,5
1,0,1,1,1,1.386,0.58484,5
0,1,2,1,1,1.4862,0.66817,5
1,0,0,1,1,1.9532,0.71837,5
1,0,0,1,1,1.7031,0.9354,5
0,1,2,1,1,1.5197,0.68497,5
0,0,1,1,1,1.1191,0.9687,5
0,1,0,1,1,1.8033,0.75166,5
1,1,2,1,1,1.0689,0.96869,5
0,1,1,1,1,0.95218,0.56817,5
1,1,0,1,1,1.6698,0.8519,5
0,0,2,1,1,1.7866,1.2524,5
0,0,1,1,1,1.4194,0.88521,5
0,1,1,1,1,2.2038,0.70158,5
1,0,2,1,1,2.0869,1.1523,5
0,0,0,1,1,1.7532,0.80176,5
1,0,0,1,1,1.8032,1.1523,5
0,0,2,1,1,1.1858,1.219,5
1,1,1,1,1,0.96868,0.51805,5
0,0,0,1,1,1.3192,0.8018,5
0,0,1,1,1,1.7366,1.0354,5
1,1,2,1,1,0.96872,0.55146,5
1,0,1,1,1,1.4194,0.7851,5
1,0,2,1,1,1.2524,0.78512,5
0,0,0,1,1,2.1371,0.91869,5
0,0,2,1,1,1.3359,1.0522,5
1,1,0,1,1,1.0188,0.76837,5
1,1,1,1,1,1.3524,0.61826,5
0,0,1,1,1,1.4361,0.86855,5
1,1,2,1,1,1.1523,0.66819,5
1,0,0,1,1,1.6196,0.83515,5
1,0,0,1,1,1.2025,0.85182,5
0,0,2,1,1,1.1022,1.0188,5
1,1,1,1,1,1.2359,0.71845,5
0,1,0,1,1,1.9703,0.68496,5
0,1,2,1,1,1.336,0.61827,5
0,1,1,1,1,0.90213,0.61814,5
1,0,1,1,1,1.0689,0.66844,5
1,0,2,1,1,2.0535,0.63491,5
0,0,0,1,1,1.5194,0.852,5
1,1,1,1,1,1.0355,0.68495,5
1,1,0,1,1,1.2693,0.6349,5
0,1,2,1,1,1.0356,0.60163,5
1,1,0,0,1,2.4044,0.65162,5
1,0,1,0,1,1.1191,0.7685,5
0,0,2,0,1,1.0021,0.90191,5
0,0,0,0,1,1.336,1.0688,5
0,1,2,0,1,1.1356,0.61831,5
1,1,1,0,1,1.4195,0.71827,5
1,0,2,0,1,1.2525,0.80187,5
1,0,0,0,1,1.2692,0.71825,5
0,1,1,0,1,1.0189,1.2024,5
1,1,2,0,1,1.1191,0.63496,5
0,1,0,0,1,1.1357,1.0187,5
1,0,1,0,1,1.4863,0.70166,5
0,0,1,0,1,1.87,0.78518,5
0,1,2,0,1,0.7352,0.63489,5
1,0,0,0,1,1.3027,0.76838,5
1,1,0,0,1,1.3692,0.61821,5
1,0,1,0,1,1.2524,1.1188,5
1,0,2,0,1,1.87,0.68508,5
1,0,1,0,1,1.3527,1.0021,5
0,0,0,0,1,2.3372,1.0687,5
1,0,2,0,1,1.2692,1.0688,5
1,0,1,0,1,1.2858,0.68497,5
0,1,0,0,1,1.286,0.70173,5
0,1,2,0,1,1.1691,0.50132,5
1,1,0,0,1,1.1022,0.76851,5
0,1,1,0,1,1.1189,0.5013,5
0,1,2,0,1,1.0857,0.53475,5
1,1,2,0,1,1.169,0.63487,5
0,0,1,0,1,1.1858,1.3692,5
1,0,0,0,1,1.5029,0.75178,5
1,1,1,0,1,1.3026,0.60152,5
1,1,0,0,1,1.2858,0.66818,5
1,1,2,0,1,1.1522,0.7518,5
1,0,2,0,1,1.1023,0.65151,5
1,0,0,0,1,1.169,0.93524,5
0,1,1,0,1,1.1858,0.60144,5
0,0,0,0,1,1.3526,0.96868,5
0,1,2,0,1,0.90198,0.51811,5
1,1,1,0,1,1.1858,0.65153,5
1,1,2,0,1,0.95227,0.53487,5
1,1,0,0,1,1.0022,0.55144,5
0,0,1,0,1,1.0857,0.66832,5
0,1,0,0,1,1.0689,0.70165,5
0,0,2,0,1,1.6531,0.7684,5
1,1,1,0,1,0.93532,0.56814,5
0,1,0,0,1,1.1523,0.51807,5
0,1,2,0,1,1.0857,0.5181,5
0,0,1,0,1,1.4696,1.7698,5
1,0,0,0,0,1.2692,0.88535,5
1,1,2,0,1,0.9187,0.58484,5
0,0,1,0,1,1.0188,1.2525,5
0,0,0,0,1,1.3192,1.0521,5
1,0,1,0,1,1.0689,0.73503,5
1,1,2,0,1,1.2691,0.5015,5
1,0,2,0,1,1.3194,0.96862,5
0,1,1,0,1,0.90207,0.685,5
0,1,0,0,1,1.653,0.61821,5
1,0,2,0,1,1.2026,0.83511,5
0,0,1,0,1,0.93538,0.80192,5
0,0,0,0,1,1.3026,1.1524,5
0,1,0,1,1,4.8242,1.7697,6
1,1,1,1,1,0.90207,1.2858,6
0,0,2,1,1,1.1359,1.4192,6
1,0,0,1,1,1.8867,2.7545,6
1,0,1,1,1,0.93588,1.5361,6
1,0,2,1,1,1.1525,2.9381,6
1,0,1,1,1,0.76862,3.4721,6
0,1,2,1,1,1.0023,1.3358,6
1,0,0,1,1,1.1526,2.6878,6
0,1,1,1,1,0.93532,1.3192,6
1,0,2,1,1,1.0355,1.7197,6
0,0,0,1,1,0.71843,3.8392,6
1,1,2,1,1,1.0357,1.8365,6
1,1,0,1,1,1.4361,1.3359,6
0,1,1,1,1,0.85198,3.1049,6
1,0,0,1,1,1.2024,2.187,6
0,1,2,1,1,1.1357,1.1189,6
0,1,1,1,1,1.0022,1.0187,6
0,1,2,1,1,0.95213,0.83527,6
0,1,1,1,1,1.0857,1.1021,6
1,1,0,1,1,0.86864,0.9186,6
1,1,2,1,1,0.81868,1.536,6
0,0,0,1,1,1.0688,1.5361,6
0,0,1,1,1,0.98546,0.98548,6
1,0,1,1,0,0.73521,1.7364,6
1,1,2,1,0,0.91865,2.0033,6
1,0,0,1,1,0.88536,1.5861,6
1,0,2,1,1,0.98548,1.6028,6
1,0,1,1,1,0.80193,1.1689,6
1,1,0,1,1,0.75179,1.8533,6
0,1,2,1,1,1.6196,3.0715,6
0,1,1,1,1,0.90208,1.386,6
0,1,0,1,1,0.88544,2.9046,6
1,0,1,1,1,1.119,2.3373,6
1,0,0,1,1,1.0021,2.0201,6
1,0,2,1,1,1.2525,1.4696,6
1,1,0,1,1,2.1537,1.9534,6
1,1,2,1,1,1.119,1.0187,6
1,1,1,1,1,0.96885,2.3038,6
0,1,2,1,1,0.98537,2.5041,6
0,1,1,1,1,1.3194,1.4027,6
1,0,0,1,1,0.88549,1.052,6
1,0,0,1,1,1.0023,1.92,6
0,1,2,1,1,0.90195,1.2191,6
0,1,1,1,1,0.95208,1.3359,6
1,1,0,1,1,0.80187,2.4206,6
1,0,1,1,1,1.1524,2.1868,6
1,0,2,1,1,1.4027,1.0855,6
0,0,2,1,1,1.0857,1.9034,6
1,0,0,1,1,1.3191,2.2538,6
1,0,1,1,1,2.3373,1.7197,6
0,1,0,1,1,0.91873,2.354,6
0,1,2,1,1,1.3693,1.2356,6
0,1,1,1,1,1.1023,1.6363,6
1,0,0,1,1,1.4862,1.2022,6
1,0,1,1,1,0.66843,1.1021,6
1,0,2,1,1,1.6865,1.4193,6
0,0,2,1,1,1.4026,2.0535,6
0,0,0,1,1,1.5863,1.9534,6
1,1,1,1,1,2.1371,1.2858,6
0,1,1,0,0,NaN,NaN,6
1,0,0,0,1,0.56845,1.1522,6
1,0,2,0,1,0.6015,1.3025,6
1,1,1,0,1,0.66864,1.4861,6
0,1,0,0,1,0.70193,0.88525,6
0,0,2,0,1,0.60155,1.9366,6
0,0,0,0,1,0.65173,1.1355,6
1,0,1,0,1,0.7351,1.4861,6
0,0,2,0,1,0.55161,1.8199,6
0,0,0,0,1,0.81864,1.1689,6
1,1,1,0,1,0.73521,1.3692,6
1,0,2,0,1,0.68504,1.7864,6
0,0,2,0,1,0.95214,2.2871,6
1,1,1,0,1,0.91876,1.219,6
1,1,0,0,1,0.51837,1.536,6
0,1,1,0,1,0.91875,1.2691,6
0,1,0,0,1,0.7352,1.5528,6
1,0,2,0,1,0.7686,1.7197,6
1,0,0,0,1,1.1357,1.1357,6
1,0,1,0,1,0.68509,1.1356,6
0,1,2,0,1,1.019,3.255,6
0,1,0,0,1,0.75187,1.7531,6
1,0,1,0,1,0.76861,2.4874,6
0,1,2,0,1,2.1203,1.2189,6
1,1,0,0,1,0.6183,0.95203,6
1,0,1,0,1,1.1191,1.87,6
1,1,2,0,1,0.83518,1.4193,6
0,0,1,0,1,0.95204,2.354,6
1,1,0,0,1,0.68513,1.3359,6
1,1,2,0,1,1.0022,1.436,6
1,1,0,0,1,0.78518,1.0521,6
0,0,1,0,1,1.3025,3.205,6
1,1,2,0,1,1.2359,1.1524,6
0,1,0,0,1,0.70173,0.93531,6
0,1,1,0,1,1.0355,2.2537,6
0,1,2,0,1,1.0522,0.86854,6
1,0,0,0,1,0.70179,1.436,6
1,0,1,0,1,1.1024,1.8364,6
1,0,2,0,1,0.78528,1.4026,6
1,0,2,0,1,0.98543,1.4192,6
1,1,1,0,1,0.86888,1.2191,6
1,0,0,0,1,1.9869,1.4193,6
0,0,2,0,1,0.91878,1.3359,6
0,1,0,0,1,0.81865,1.7863,6
1,0,1,0,1,0.93558,1.703,6
0,1,1,0,1,0.83545,1.4361,6
0,0,2,0,1,0.90197,1.8198,6
1,0,0,0,1,0.53486,2.3538,6
1,1,1,0,0,0.90201,3.0381,6
0,1,0,0,1,0.51801,1.703,6
1,1,2,0,1,0.75177,1.0355,6
0,0,0,0,1,0.60149,1.8032,6
1,1,1,0,1,1.0856,2.1368,6
0,0,2,0,1,0.96866,1.5028,6
0,0,1,0,1,0.80186,1.5862,6
1,1,0,0,1,0.71845,2.2537,6
1,0,2,0,1,0.83531,1.5193,6
1,1,0,0,1,0.71843,1.8198,6
0,0,2,0,1,0.76852,1.3525,6
0,1,1,0,1,2.4542,1.3191,6
0,0,0,1,1,0.60194,1.219,6
0,0,1,1,0,0.61838,0.9186,6
1,1,2,1,1,0.70196,0.86853,6
0,0,1,1,1,0.55158,0.85176,6
1,0,0,1,1,0.58493,1.1188,6
0,0,2,1,1,0.70172,1.0855,6
1,0,1,1,1,0.78523,1.1521,6
1,1,2,1,1,0.83524,1.2023,6
0,1,0,1,1,0.51818,0.91855,6
0,1,0,1,1,0.55169,1.0353,6
1,0,2,1,1,0.98554,1.5694,6
1,0,1,1,1,1.9534,1.2356,6
0,1,2,1,1,0.95217,0.73513,6
1,1,0,1,1,0.60157,1.8032,6
0,1,1,1,1,0.7352,1.2691,6
0,1,1,1,1,1.1025,0.75176,6
1,0,2,1,1,0.71833,0.96877,6
0,1,0,1,1,0.6518,1.4861,6
0,1,1,1,1,0.68506,1.4527,6
1,1,2,1,1,0.88541,2.0869,6
1,0,0,1,1,1.0856,0.91866,6
0,1,0,1,1,0.51812,1.0353,6
1,0,2,1,0,0.75184,2.2204,6
1,1,1,1,1,1.0022,1.4861,6
0,0,2,1,1,0.80188,1.4027,6
0,0,1,1,1,0.70181,1.3024,6
0,1,0,1,1,0.55152,1.8033,6
1,0,2,1,1,0.86875,0.95203,6
0,0,0,1,1,0.75187,0.66819,6
0,1,1,1,1,0.81855,1.8866,6
0,0,1,1,1,0.73522,1.3026,6
1,0,2,1,1,0.85187,0.80187,6
1,0,0,1,1,0.75181,1.0021,6
0,0,2,1,1,0.73518,1.7365,6
0,1,1,1,1,0.96878,1.7697,6
1,0,0,1,1,0.6851,1.1857,6
1,1,2,1,1,0.83531,1.4861,6
1,1,0,1,1,0.76845,1.4527,6
0,1,1,1,1,0.60156,1.1189,6
1,1,1,1,1,1.286,0.75171,6
1,1,0,1,1,0.51823,1.0354,6
1,1,2,1,1,0.86888,1.002,6
0,1,2,1,1,0.66827,0.96857,6
0,0,0,1,1,0.60175,1.6362,6
0,0,1,1,1,0.81862,3.0214,6
0,0,0,1,1,0.83539,2.1702,6
0,0,2,1,1,0.91868,1.4193,6
1,1,1,1,1,0.76841,1.1522,6
0,1,0,1,1,0.85193,1.6362,6
0,1,1,1,1,0.83515,1.6196,6
1,1,2,1,1,0.86861,1.2023,6
1,1,1,1,1,0.91876,0.88534,6
0,0,2,1,1,0.93534,1.0188,6
1,0,0,1,1,0.76856,1.2191,6
1,1,1,1,1,0.90208,1.4193,6
0,0,2,1,1,1.1022,2.0536,6
1,1,0,1,1,0.90208,1.7532,6
0,0,0,1,1,0.73504,1.8198,6
0,0,2,1,1,0.86862,1.6864,6
0,0,1,1,1,0.88541,1.4694,6
1,1,0,0,1,0.93577,0.71824,6
0,0,1,0,1,0.93568,1.6362,6
0,1,2,0,1,0.71835,1.7864,6
0,0,1,0,1,0.90201,1.7363,6
0,1,2,0,1,0.78518,1.2525,6
1,0,0,0,1,1.0355,1.703,6
1,1,0,0,1,0.7519,1.9032,6
0,1,2,0,1,0.78528,1.0856,6
1,1,1,0,1,1.5698,1.219,6
1,0,0,0,1,0.66851,1.2024,6
0,1,1,0,1,0.68509,2.3372,6
1,0,2,0,1,0.68511,1.8532,6
1,1,0,0,0,0.61831,2.3038,6
1,1,2,0,1,1.3026,0.76841,6
1,0,1,0,1,0.73519,1.0355,6
1,1,2,0,1,0.71861,1.0521,6
1,0,1,0,1,0.68515,1.5528,6
0,0,0,0,1,0.63501,1.5027,6
0,0,1,0,1,0.81874,1.8198,6
1,0,0,0,1,0.5517,1.6029,6
0,0,2,0,1,0.78525,1.8699,6
0,0,2,0,1,0.93551,1.6196,6
1,0,0,0,1,0.70175,1.2023,6
1,0,1,0,1,0.95209,1.1857,6
0,1,0,0,1,0.58501,1.1021,6
1,1,1,0,1,0.75191,0.95197,6
0,1,2,0,1,0.80204,1.4026,6
0,0,0,0,1,0.68502,1.486,6
0,1,1,0,1,0.75177,1.4694,6
1,1,2,0,1,0.58495,1.5362,6
1,1,0,0,1,0.51825,1.0354,6
1,0,1,0,1,0.53484,0.96866,6
1,1,2,0,1,0.70172,1.3024,6
1,1,0,0,1,0.76853,0.96869,6
0,1,1,0,1,0.63499,0.95201,6
1,1,2,0,1,0.76845,0.96867,6
0,0,1,0,1,0.6685,1.4192,6
0,1,2,0,1,0.65172,1.7531,6
1,0,0,0,1,0.80186,1.1522,6
0,0,0,0,1,0.66826,1.5362,6
0,0,2,0,1,0.95207,2.454,6
1,1,1,0,1,0.83524,1.6029,6
1,1,2,0,1,0.61836,1.4361,6
1,0,1,0,1,0.81871,1.5694,6
0,0,0,0,1,0.70196,1.9199,6
1,1,1,0,1,0.73511,1.3192,6
0,0,2,0,1,0.75182,1.5195,6
1,0,0,0,1,0.83519,1.3525,6
1,1,2,0,1,0.98536,1.0521,6
1,0,1,0,1,0.91867,1.2191,6
1,0,0,0,1,0.76862,1.9199,6
1,1,2,0,1,1.2357,0.91858,6
1,0,1,0,1,0.85202,2.0201,6
0,0,0,0,1,0.51817,2.454,6
1,1,0,0,1,0.81859,1.0355,6
1,0,2,0,1,0.95212,2.7545,6
1,0,1,0,1,0.81869,1.1356,6
0,1,0,0,1,0.6851,1.3359,6
0,1,1,0,1,0.93541,0.85192,6
0,1,2,0,1,0.85186,1.2858,6
1,0,2,0,0,NaN,NaN,7
1,1,0,0,1,3.2389,1.1356,7
1,1,1,0,1,0.88546,1.2692,7
1,0,0,0,1,1.8205,1.1522,7
1,0,1,0,1,1.9702,1.0855,7
1,0,2,0,1,0.9355,0.98538,7
1,0,1,0,1,0.75199,0.66839,7
0,1,0,0,1,1.1024,1.1022,7
1,0,2,0,1,1.3195,0.96865,7
1,1,0,0,1,0.78536,1.0855,7
1,1,2,0,1,1.2192,1.0855,7
1,0,1,0,1,0.78531,1.169,7
0,1,1,0,1,0.86867,0.92587,7
0,1,0,0,1,0.96884,1.2022,7
1,1,2,0,1,0.75186,1.1857,7
0,1,1,0,1,1.069,0.73507,7
1,0,2,0,0,1.0355,1.4193,7
1,0,0,0,1,2.9882,1.0523,7
0,1,2,0,1,0.68525,0.952,7
0,1,0,0,1,4.5402,1.7531,7
0,1,1,0,1,1.436,1.1189,7
1,1,1,0,1,0.73507,1.219,7
1,0,0,0,1,0.5349,1.2191,7
0,0,2,0,0,0.83545,2.1202,7
1,0,0,0,1,0.86881,1.4693,7
1,1,1,0,1,0.91866,1.653,7
1,1,2,0,1,1.6198,1.4193,7
1,0,0,0,0,2.1204,1.9535,7
1,0,1,0,1,4.4903,1.3527,7
1,1,2,0,1,0.98553,1.5528,7
0,0,1,0,1,1.4361,1.3358,7
0,1,0,0,1,0.51805,1.2358,7
1,1,2,0,0,0.51818,2.0702,7
1,0,2,0,0,NaN,NaN,7
0,1,0,0,1,1.1358,0.91861,7
1,0,1,0,1,1.8699,1.2357,7
1,0,1,0,1,1.2191,0.91864,7
1,0,2,0,1,2.2872,1.3525,7
0,0,0,0,1,2.3208,3.4387,7
0,1,2,0,0,1.9036,3.7558,7
1,0,1,0,1,2.9381,1.0021,7
0,0,0,0,0,1.1857,NaN,7
0,1,0,0,1,0.91892,1.1356,7
0,0,1,0,1,1.1356,3.0715,7
0,1,2,0,0,1.4197,NaN,7
1,0,0,0,1,0.63497,1.0354,7
0,0,2,0,0,NaN,NaN,7
0,1,1,0,0,NaN,NaN,7
0,0,2,0,0,NaN,NaN,7
0,1,0,0,1,0.78533,1.1189,7
1,1,1,0,1,1.0021,0.53483,7
1,0,2,0,1,0.9689,1.0855,7
1,1,0,0,0,0.76856,1.7197,7
1,1,1,0,1,0.73517,1.269,7
1,1,2,0,1,0.86867,0.75182,7
1,0,1,0,0,0.60161,1.6196,7
1,0,0,0,1,0.902,1.6029,7
1,1,1,0,1,2.3708,1.0856,7
0,1,0,0,1,0.66845,1.2524,7
1,0,2,0,1,1.6031,1.1689,7
1,0,2,1,1,1.2194,1.1689,7
1,0,0,1,0,1.5195,1.1856,7
0,1,1,1,1,1.1861,0.93534,7
0,0,2,1,1,2.0703,1.2525,7
0,1,0,1,1,1.9702,1.1189,7
0,0,1,1,1,0.81854,2.1203,7
0,1,2,1,1,0.76865,1.0855,7
0,0,1,1,1,1.0021,1.2024,7
0,0,0,1,1,1.4195,1.1856,7
0,1,2,1,1,0.85208,1.1522,7
1,1,0,1,1,0.85204,0.98535,7
0,1,1,1,1,1.0358,0.80176,7
0,0,0,1,1,1.0522,0.96878,7
0,0,2,1,1,1.0855,2.0201,7
1,1,1,1,1,0.98551,0.8186,7
1,1,1,1,1,0.78529,0.66833,7
1,1,2,1,0,0.68529,0.85204,7
1,0,0,1,1,0.71853,1.1522,7
0,1,0,1,1,0.73518,2.187,7
0,0,2,1,0,1.1692,0.83514,7
0,1,1,1,1,0.61827,1.1524,7
0,0,0,1,1,0.73519,0.91859,7
0,1,2,1,1,0.70178,1.5194,7
0,1,1,1,1,0.6521,1.2357,7
1,1,2,1,1,1.0021,0.8352,7
1,1,0,1,1,0.90202,1.5361,7
1,1,1,1,1,0.73509,1.0689,7
1,0,2,1,1,0.86876,1.0521,7
0,1,1,1,0,0.93558,0.93535,7
1,0,0,1,1,0.73513,1.2691,7
1,1,0,1,1,0.75178,1.653,7
0,0,1,1,1,0.63505,1.3025,7
1,0,2,1,1,0.66841,1.6196,7
0,0,0,1,1,1.4862,1.6529,7
1,0,2,1,1,0.91874,1.2356,7
0,0,1,1,1,1.1192,1.1355,7
1,1,1,1,1,0.78522,0.78515,7
0,1,2,1,1,1.2192,1.4359,7
1,0,0,1,1,0.80207,1.6196,7
1,1,2,1,1,0.61835,1.7864,7
0,0,1,1,1,4.4234,1.169,7
1,0,0,1,1,0.55154,1.2858,7
0,0,2,1,1,0.58498,2.7211,7
1,1,1,1,1,0.58493,0.93537,7
1,1,0,1,1,1.1525,0.66829,7
0,0,1,1,1,0.70175,1.2691,7
1,0,2,1,1,1.1857,1.1356,7
1,1,0,1,1,0.85172,0.60151,7
0,0,0,1,1,0.63504,1.92,7
1,1,1,1,1,0.85215,1.7698,7
1,0,2,1,1,1.3859,0.73508,7
1,1,1,1,1,0.63515,1.2692,7
1,0,0,1,1,0.88533,1.2357,7
0,1,2,1,1,0.96888,0.93535,7
0,0,1,1,1,3.2719,0.9687,7
1,1,0,1,1,0.75185,1.0022,7
1,0,2,1,0,1.2692,NaN,7
1,1,0,1,1,0.73688,1.0856,7
0,1,2,1,0,0.93522,1.8198,7
1,0,1,1,1,2.9214,1.1523,7
1,0,1,0,1,1.787,1.0689,7
0,1,2,0,0,1.3696,1.8032,7
1,0,0,0,1,1.5529,1.3526,7
1,1,1,0,1,0.70175,0.68496,7
0,1,0,0,1,0.73508,1.1856,7
1,1,2,0,1,0.78529,1.4527,7
0,1,0,0,1,0.56837,0.96874,7
0,0,2,0,1,0.65163,2.2872,7
0,0,1,0,1,1.4695,1.3358,7
1,0,1,0,1,1.1525,1.0021,7
0,0,2,0,1,0.96885,0.91865,7
1,0,0,0,1,0.95215,2.1369,7
1,1,0,0,1,0.63501,1.2693,7
0,0,2,0,1,0.70178,1.0521,7
0,1,1,0,1,0.81859,1.5694,7
1,1,1,0,1,0.63497,0.66826,7
0,0,2,0,1,0.68507,0.86847,7
0,0,0,0,1,0.83528,2.0368,7
0,1,1,0,1,0.76855,1.1522,7
1,1,0,0,1,1.6698,0.88528,7
0,1,2,0,1,0.60167,0.96867,7
1,0,2,0,1,1.0355,2.3873,7
1,1,1,0,1,0.88538,1.4861,7
0,1,0,0,1,0.70176,0.9854,7
0,1,2,0,1,0.65174,1.3525,7
0,0,0,0,1,1.1356,1.0354,7
0,0,1,0,1,0.71837,1.0188,7
0,0,2,0,1,0.76852,1.219,7
1,0,1,0,1,0.90207,1.4026,7
0,1,0,0,1,0.81857,1.1189,7
0,0,0,0,1,0.68505,2.3872,7
1,1,2,0,1,0.53487,0.8185,7
1,1,1,0,1,0.70173,1.0022,7
1,0,0,0,1,0.68506,0.91869,7
0,1,1,0,1,0.5183,0.68496,7
1,1,2,0,1,0.71846,1.8365,7
0,0,0,0,1,1.0522,0.88519,7
0,0,2,0,0,0.83527,1.7363,7
1,0,1,0,0,NaN,NaN,7
1,1,0,0,1,1.2526,0.61832,7
0,1,2,0,1,0.73524,0.86861,7
1,1,1,0,1,0.61834,0.81842,7
1,1,2,0,1,0.51821,1.1856,7
0,1,0,0,1,0.65159,1.2191,7
0,1,1,0,0,0.55163,NaN,7
1,0,0,0,1,0.70179,1.1857,7
0,0,2,0,0,0.80208,0.95203,7
0,0,1,0,1,1.6698,1.436,7
1,0,0,0,1,0.70176,0.95197,7
0,0,2,0,1,0.96875,1.4527,7
0,1,1,0,1,4.0562,0.86856,7
1,1,2,0,0,3.1383,NaN,7
0,0,0,0,0,0.56833,NaN,7
1,0,1,0,1,4.8907,0.73507,7
1,0,2,0,1,3.2552,2.8212,7
1,0,1,0,1,3.3888,0.86855,7
1,1,0,0,1,0.85191,4.3233,7
0,1,1,0,1,1.3861,1.002,7
0,0,2,0,1,0.53484,1.0855,7
0,1,0,0,1,0.7854,1.3693,7
1,1,1,1,0,NaN,NaN,7
0,1,0,1,1,2.7213,0.96869,7
0,0,2,1,1,0.60184,1.1189,7
1,1,0,1,1,0.78529,0.53483,7
1,0,2,1,1,0.7853,0.75175,7
1,1,1,1,1,0.93544,0.71842,7
0,1,0,1,1,0.65177,0.91865,7
1,1,1,1,1,0.75199,0.53482,7
1,0,2,1,1,0.91874,0.66833,7
1,0,1,1,1,0.65193,1.3358,7
0,1,0,1,0,0.71846,2.0868,7
1,0,2,1,1,0.7519,0.6015,7
1,1,1,1,1,0.61842,0.9687,7
1,0,0,1,0,0.83534,1.1022,7
1,1,2,1,1,0.85193,0.85182,7
1,1,2,1,1,0.76858,0.66824,7
1,1,0,1,1,0.71858,0.63493,7
1,0,1,1,1,1.4528,1.1189,7
0,0,0,1,1,0.70188,0.90192,7
1,1,2,1,1,1.5697,0.73512,7
0,0,1,1,1,0.93554,1.119,7
1,1,1,1,0,0.68506,1.6362,7
1,1,0,1,1,0.95213,0.85202,7
0,0,2,1,1,0.81864,2.0034,7
1,0,0,1,1,0.51821,0.81848,7
1,1,1,1,1,0.51819,0.75185,7
0,0,2,1,1,0.51815,1.2023,7
0,0,1,1,0,2.2706,0.81854,7
1,1,0,1,1,0.68507,1.0522,7
1,0,2,1,1,0.78528,1.0855,7
0,1,0,1,0,0.76863,NaN,7
1,0,2,1,0,1.1859,NaN,7
0,0,1,1,1,0.95203,1.5695,7
1,0,2,1,0,NaN,NaN,7
1,1,0,1,1,0.60171,0.68501,7
0,0,1,1,1,3.2051,0.88523,7
0,1,1,1,1,0.53482,0.80175,7
0,1,0,1,1,0.56837,1.1856,7
0,1,2,1,1,1.3694,1.3358,7
0,0,0,1,0,1.2859,NaN,7
0,0,2,1,0,NaN,NaN,7
1,1,1,1,0,1.2859,1.7364,7
1,1,2,1,0,1.119,0.83511,7
1,1,0,1,1,2.6711,0.63488,7
1,0,1,1,1,0.58501,0.85195,7
1,1,0,1,1,0.61833,0.78506,7
1,0,1,1,1,1.3694,1.0356,7
1,1,2,1,1,0.80194,0.73507,7
1,0,2,1,1,0.80194,0.88527,7
1,0,0,1,1,1.9034,1.703,7
1,0,1,1,1,0.75189,0.96869,7
0,0,2,1,1,0.73502,1.436,7
0,1,0,1,1,0.68514,1.4861,7
1,0,1,1,0,1.0689,1.2022,7
1,0,1,1,1,0.63507,0.8852,7
1,1,0,1,1,1.0355,1.002,7
1,1,2,1,1,0.8352,0.71838,7
0,0,2,1,1,0.60166,1.6363,7
0,0,0,1,1,0.7017,1.1856,7
0,1,1,1,1,0.51808,0.78511,7
0,1,0,0,1,4.3903,1.8198,8
0,1,1,0,1,1.7366,0.75178,8
1,0,2,0,1,1.0525,1.3526,8
0,0,1,0,1,1.4528,1.1523,8
0,0,0,0,1,1.0522,1.2357,8
0,1,2,0,1,0.73525,0.85186,8
1,1,2,0,1,0.76849,0.6516,8
1,0,1,0,1,0.6017,0.81847,8
0,1,0,0,1,0.71834,0.63492,8
0,1,0,0,1,0.63509,0.61831,8
1,1,1,0,1,0.51833,0.60158,8
0,0,2,0,0,0.51832,0.7518,8
1,1,1,0,1,0.51818,0.55146,8
1,0,0,0,1,0.73519,0.86854,8
1,1,2,0,1,0.5183,0.55143,8
0,0,0,0,1,0.75197,1.5695,8
0,1,1,0,1,0.51824,0.86854,8
1,0,2,0,1,0.65185,0.95187,8
0,1,1,0,1,0.56836,1.0021,8
0,1,2,0,1,0.51827,0.88523,8
0,1,0,0,1,0.635,0.6516,8
0,1,1,0,1,0.58489,1.6196,8
0,1,0,0,1,0.66846,0.96861,8
0,0,2,0,1,0.5183,1.4192,8
0,1,0,0,1,0.55172,0.78552,8
1,0,2,0,1,0.55164,1.0856,8
1,0,1,0,1,0.51827,1.0188,8
1,0,1,0,1,1.5529,0.80185,8
0,0,2,0,1,0.60165,1.1189,8
0,0,0,0,1,0.68507,0.98532,8
1,0,2,0,1,0.58499,0.91862,8
1,1,0,0,1,0.70173,0.73502,8
0,0,1,0,1,0.5182,0.93536,8
1,0,2,0,1,0.53494,0.98534,8
1,1,1,0,1,0.58481,0.70158,8
1,1,0,0,1,0.70178,0.55138,8
0,1,0,0,1,0.63491,0.85187,8
1,0,2,0,1,1.5195,1.0187,8
0,0,1,0,1,1.2525,1.2524,8
1,1,1,0,1,0.68513,0.53479,8
1,0,2,0,1,0.68504,0.71832,8
1,1,0,0,1,0.63518,0.50144,8
0,0,0,0,1,0.65181,1.0021,8
0,0,1,0,1,0.60169,1.0855,8
0,1,2,0,1,0.55158,0.86858,8
1,0,2,0,1,0.60168,0.86854,8
1,0,0,0,1,1.1356,1.0021,8
0,0,1,0,1,0.56834,0.88523,8
1,0,1,0,1,0.51822,0.95197,8
0,0,0,0,1,0.51828,1.0855,8
1,0,2,0,1,0.55158,1.8032,8
0,1,0,0,1,0.71835,1.0187,8
0,1,1,0,1,0.51804,0.7183,8
0,1,2,0,1,0.51818,0.8017,8
0,1,2,0,1,0.51821,1.1188,8
1,1,1,0,1,0.58502,0.7517,8
0,0,0,0,1,0.61836,1.6196,8
1,0,0,0,1,0.70181,0.70164,8
0,1,1,0,1,0.58512,0.86863,8
1,1,2,0,1,0.55182,0.83519,8
1,0,0,1,1,2.9384,0.9186,8
0,0,2,1,1,0.96879,1.1523,8
1,1,1,1,1,0.63528,0.8186,8
0,1,1,1,1,0.73516,0.61825,8
0,0,2,1,1,0.51815,0.90197,8
1,1,0,1,1,0.60168,0.78516,8
1,1,0,1,1,0.51846,0.71839,8
0,0,2,1,1,0.60177,1.1857,8
0,0,1,1,1,0.81864,0.88525,8
1,1,1,1,1,0.56825,0.8185,8
0,0,2,1,1,0.61852,0.98538,8
0,1,0,1,1,0.55175,0.88534,8
1,1,0,1,1,0.56823,0.61828,8
0,1,2,1,1,0.51812,0.75173,8
0,0,1,1,1,0.53488,1.0354,8
1,0,1,1,1,0.51814,0.93541,8
0,0,0,1,1,0.5349,0.90191,8
0,0,2,1,1,0.56833,0.91868,8
1,0,1,1,1,0.98557,1.0188,8
1,0,2,1,1,0.51837,0.71826,8
1,1,0,1,1,0.58489,0.83524,8
1,1,0,1,1,0.51816,0.78505,8
1,1,2,1,1,0.58497,0.71833,8
1,1,1,1,1,0.55141,0.78528,8
1,0,0,1,1,0.63498,0.81845,8
0,1,1,1,1,0.51804,1.0688,8
1,0,2,1,1,0.51826,0.88537,8
1,1,1,1,1,0.51831,0.66828,8
1,0,2,1,1,0.53489,0.90191,8
0,0,0,1,1,0.53481,1.3025,8
0,1,2,1,1,0.51824,0.80176,8
1,1,0,1,1,0.51815,0.66839,8
1,0,1,1,1,0.53476,0.90191,8
1,1,0,1,1,0.51817,0.68497,8
0,0,1,1,1,0.61821,1.0523,8
1,1,2,1,1,0.51812,0.93527,8
1,1,0,1,1,0.65177,0.70179,8
1,1,2,1,1,0.53491,0.81848,8
1,0,1,1,1,0.51819,0.88527,8
0,1,1,1,1,0.51832,1.7031,8
0,0,2,1,1,0.51819,0.93532,8
1,0,0,1,1,0.60171,1.1022,8
1,0,2,1,1,0.51816,0.91861,8
0,1,0,1,1,0.5516,1.2356,8
1,0,1,1,1,0.51815,0.73513,8
0,1,0,1,1,0.51818,1.0855,8
1,0,2,1,1,0.51813,0.90188,8
1,0,1,1,1,0.51808,1.0689,8
0,0,0,1,1,0.51827,1.8532,8
1,1,1,1,1,0.51826,1.0687,8
0,1,2,1,1,0.5682,0.85182,8
0,1,0,1,1,0.51817,1.4527,8
0,1,2,1,1,0.55156,0.6182,8
0,0,1,1,1,0.51829,1.2356,8
1,1,2,1,1,0.51827,1.0354,8
1,1,0,1,1,0.76868,0.65169,8
0,0,1,1,1,0.95222,0.80186,8
0,0,1,1,1,0.66837,0.86862,8
1,0,0,1,1,0.6184,0.95208,8
1,1,2,1,1,1.1857,0.75173,8
0,0,0,0,0,NaN,NaN,8
0,1,2,0,1,0.93592,0.91865,8
0,0,1,0,1,0.96895,0.91871,8
0,1,1,0,0,0.66836,1.4861,8
0,1,2,0,1,0.53488,1.3525,8
0,0,0,0,1,0.5182,1.0522,8
0,1,2,0,1,3.6391,0.70168,8
1,1,0,0,1,0.63508,0.91858,8
0,0,1,0,1,0.53492,0.91863,8
0,0,0,0,1,0.51814,1.6363,8
1,0,1,0,1,0.585,1.0522,8
0,0,2,0,1,0.61837,1.1522,8
0,0,1,0,1,0.60152,1.5027,8
0,1,0,0,1,0.51827,0.85189,8
1,0,2,0,1,0.5182,1.5862,8
1,1,0,0,1,0.51819,1.2523,8
0,1,2,0,1,0.51824,0.81847,8
1,1,1,0,1,0.51818,0.68501,8
0,1,0,0,1,0.51836,1.1522,8
1,0,1,0,1,0.51839,0.86851,8
1,1,2,0,1,0.5183,0.58483,8
1,1,1,0,1,0.51832,0.61832,8
1,1,2,0,1,0.51828,0.66838,8
1,1,0,0,1,0.51829,0.51816,8
0,0,2,0,1,0.80201,1.4527,8
0,1,1,0,1,1.436,1.1857,8
1,1,0,0,1,0.81866,0.78508,8
1,0,1,0,1,0.56826,1.0187,8
0,0,2,0,1,0.51816,1.0354,8
1,0,0,0,1,0.51812,1.6696,8
1,1,1,0,1,0.61826,0.93532,8
1,0,2,0,1,0.51822,0.81848,8
1,1,0,0,1,0.51833,0.86848,8
1,1,2,0,1,0.51825,0.80179,8
1,1,1,0,0,0.51814,1.3358,8
0,1,0,0,1,0.56825,1.5362,8
0,1,2,0,1,0.7018,1.5528,8
1,1,0,0,1,0.85189,0.8184,8
1,0,1,0,1,0.6184,0.95201,8
0,0,2,0,1,0.53483,1.1355,8
0,0,0,0,1,0.51836,0.95202,8
0,1,1,0,1,0.63511,0.85184,8
1,0,2,0,1,0.56826,1.436,8
0,0,1,0,1,0.68497,1.386,8
0,1,0,0,1,0.51806,0.88519,8
0,0,1,0,1,0.51823,0.86848,8
1,0,2,0,1,0.51822,1.2357,8
0,0,0,0,1,0.51819,1.219,8
0,0,2,0,1,0.51814,1.1524,8
0,0,1,0,1,0.5851,1.653,8
1,0,0,0,1,0.60172,1.4528,8
1,1,0,0,1,0.55837,1.0688,8
0,1,2,0,1,0.5182,1.2357,8
1,0,1,0,1,0.51825,0.95195,8
1,0,0,0,1,0.51814,1.0354,8
0,0,2,0,1,0.5183,1.0354,8
0,0,1,0,1,0.51824,0.96877,8
1,1,1,0,1,0.56834,0.68499,8
1,1,2,0,1,1.1355,0.50139,8
1,1,0,0,1,0.51845,0.58479,8
0,0,1,1,1,1.4031,1.2358,8
1,0,2,1,1,0.76844,0.76837,8
0,0,0,1,1,0.65164,1.1689,8
1,1,1,1,1,0.51878,0.75173,8
0,1,2,1,1,0.53477,0.91864,8
1,1,0,1,1,0.5183,0.65163,8
1,1,2,1,1,0.51835,0.75172,8
1,0,0,1,1,0.518,1.1022,8
1,1,1,1,1,0.51819,0.61827,8
1,0,0,1,1,0.51823,1.0854,8
1,1,1,1,1,0.5517,0.55137,8
1,1,2,1,1,1.1358,0.71823,8
0,1,2,1,1,0.68507,0.86855,8
1,0,1,1,1,0.51812,1.286,8
0,1,0,1,1,0.51828,1.1689,8
1,0,2,1,1,0.51813,1.2357,8
0,0,0,1,1,0.51827,1.3192,8
1,0,1,1,1,0.51824,0.90192,8
1,0,0,1,1,0.51824,0.86853,8
0,0,2,1,1,0.51826,1.0856,8
1,1,1,1,1,0.81867,0.70166,8
1,0,1,1,1,0.51814,2.0536,8
1,0,0,1,1,0.51826,1.1022,8
0,0,2,1,1,0.71846,1.2691,8
1,0,2,1,1,0.51814,1.4693,8
1,0,0,1,1,0.51817,1.0355,8
0,0,1,1,1,0.78506,1.4693,8
1,1,1,1,1,0.66852,0.61828,8
0,1,2,1,1,0.51833,0.81848,8
0,1,0,1,1,0.51815,2.0869,8
0,1,2,1,1,0.58483,1.0021,8
1,0,0,1,1,0.51814,0.91869,8
0,0,1,1,1,0.56816,1.0522,8
0,0,0,1,1,0.51821,1.4193,8
1,1,1,1,1,4.0897,0.76857,8
0,1,2,1,1,0.56828,0.80194,8
0,1,1,1,1,0.55165,2.721,8
1,1,0,1,1,0.51823,0.65146,8
0,1,2,1,1,0.51814,0.71836,8
1,1,0,1,1,0.58499,0.50135,8
1,1,1,1,1,0.51835,0.635,8
1,1,2,1,1,0.76856,0.73503,8
1,1,0,1,1,0.51822,0.63489,8
0,0,2,1,1,0.56823,0.96879,8
1,1,1,1,1,0.61817,0.50129,8
0,0,1,1,1,0.51804,1.3692,8
1,0,2,1,1,0.51827,1.8031,8
1,0,0,1,1,0.5184,1.5862,8
0,0,2,1,1,0.55164,1.6194,8
1,1,1,1,1,1.0022,1.0354,8
0,0,0,1,1,0.53491,1.0522,8
1,0,0,1,1,1.2525,0.66831,8
0,1,1,1,1,0.60157,1.1022,8
1,1,2,1,1,0.51832,0.6684,8
1,0,2,1,1,0.55162,0.73513,8
1,1,1,1,1,1.2024,0.65171,8
0,0,0,1,1,0.56841,0.952,8
1,1,2,1,1,0.6186,0.6182,8
1,0,0,1,1,0.51822,0.63489,8
1,1,1,1,1,0.51821,1.3192,8
